delta,std,mean,variable,method,lower,upper,median
-3.0,0.0691600109574388,0.9514924282723533,order,taylor,0.8357475948290394,1.0672177327301542,0.9553207425826864
-3.0,0.04784137595860622,0.7402251377703232,order,ipw,0.6602339611565727,0.819486694121585,0.7408001481050888
-3.0,0.0,0.7361438598700253,order,true,0.7361438598700253,0.7361438598700253,
-2.9393939393939394,0.06751915033695814,0.9359092789322793,order,taylor,0.8226029744932861,1.0489415166201137,0.9396568279538782
-2.9393939393939394,0.047430561305775686,0.7372491456665196,order,ipw,0.6579498459676616,0.8158743848488335,0.7377947966747918
-2.9393939393939394,0.0,0.7331680998451736,order,true,0.7331680998451736,0.7331680998451736,
-2.878787878787879,0.06589880560553439,0.9206151448994736,order,taylor,0.8097301248480836,1.0309832602930071,0.9242787520508481
-2.878787878787879,0.04700176228178552,0.73414517106268,order,ipw,0.6555687898471569,0.8121038731023453,0.7346596631985081
-2.878787878787879,0.0,0.7302175235593964,order,true,0.7302175235593964,0.7302175235593964,
-2.8181818181818183,0.06429893411419134,0.9056100261739359,order,taylor,0.7971290458934319,1.0133407315569611,0.9091758540945238
-2.8181818181818183,0.04655460347136082,0.7309109499234302,order,ipw,0.6532063995694021,0.8081685377973773,0.7313924045321281
-2.8181818181818183,0.0,0.7268755469900081,order,true,0.7268755469900081,0.7268755469900081,
-2.757575757575758,0.06271949645862318,0.8908939227556665,order,taylor,0.7847997376293311,0.9960074073050201,0.8943177456111131
-2.757575757575758,0.04608874594251881,0.7275445465751619,order,ipw,0.6507950701777323,0.8040627291651183,0.727989372570695
-2.757575757575758,0.0,0.7232887740933659,order,true,0.7232887740933659,0.7232887740933659,
-2.696969696969697,0.06116045703536258,0.8764668346446649,order,taylor,0.773000613004581,0.978992105099155,0.8797605953681105
-2.696969696969697,0.04560389239283058,0.7240443975230698,order,ipw,0.6482878167740078,0.7997899702721968,0.7244004044658874
-2.696969696969697,0.0,0.7198434099884443,order,true,0.7198434099884443,0.7198434099884443,
-2.6363636363636362,0.05962178466714658,0.8623287618409318,order,taylor,0.7616746690938289,0.9619691852444919,0.8655044033655162
-2.6363636363636362,0.04509979247090077,0.720409356767397,order,ipw,0.6456928419011525,0.7953483596837257,0.7206726654535525
-2.6363636363636362,0.0,0.7168080893115508,order,true,0.7168080893115508,0.7168080893115508,
-2.5757575757575757,0.05810345330612049,0.8484797043444666,order,taylor,0.7506249256505192,0.945284961092044,0.85154916960333
-2.5757575757575757,0.0445762482356604,0.716638742253238,order,ipw,0.6430033422894716,0.7906594496016633,0.7168391395098045
-2.5757575757575757,0.0,0.7128474984574003,order,true,0.7128474984574003,0.7128474984574003,
-2.515151515151515,0.05660544282466026,0.8349196621552696,order,taylor,0.7398376643590298,0.9289474573744979,0.8378948940815522
-2.515151515151515,0.04403311971075795,0.7127323830216141,order,ipw,0.639917579067304,0.785709975123951,0.7129610079563962
-2.515151515151515,0.0,0.7091892075463907,order,true,0.7091892075463907,0.7091892075463907,
-2.4545454545454546,0.05512773990489002,0.8216486352733406,order,taylor,0.7293059550934522,0.9129566740918541,0.8245415768001825
-2.4545454545454546,0.04347033048641705,0.7086906665621409,order,ipw,0.6369107140552944,0.7805884997300521,0.7089303517706431
-2.4545454545454546,0.0,0.7052642981085417,order,true,0.7052642981085417,0.7052642981085417,
-2.393939393939394,0.05367033903944431,0.8086666236986799,order,taylor,0.7190291401270972,0.897312611244112,0.8114364653002206
-2.393939393939394,0.042887873316902934,0.7045145858010307,order,ipw,0.633940394221496,0.7752961503252751,0.7047061368074149
-2.393939393939394,0.0,0.7015410176603463,order,true,0.7015410176603463,0.7015410176603463,
-2.333333333333333,0.05223324365769614,0.7959736274312871,order,taylor,0.7090049757455656,0.8820152688312722,0.7983884539315239
-2.333333333333333,0.04228581565839757,0.7002057850942672,order,ipw,0.6308923330742927,0.7698348553079544,0.7003468385693812
-2.333333333333333,0.0,0.6971776384350525,order,true,0.6971776384350525,0.6971776384350525,
-2.2727272727272725,0.05081646739356665,0.7835696464711627,order,taylor,0.6992225750844149,0.8670646468533342,0.7856373382573054
-2.2727272727272725,0.041664305089912756,0.6957666045365974,order,ipw,0.6277598269587499,0.7642073974432125,0.6958547725678875
-2.2727272727272725,0.0,0.692176416904994,order,true,0.692176416904994,0.692176416904994,
-2.212121212121212,0.04942003551317457,0.7714546808183061,order,taylor,0.6897087992595259,0.8524607453102983,0.773183118277565
-2.212121212121212,0.04102357455914547,0.6912001218447102,order,ipw,0.6242946420395111,0.7584174633925428,0.691233004212552
-2.212121212121212,0.0,0.6876790918251754,order,true,0.6876790918251754,0.6876790918251754,
-2.1515151515151514,0.04804398652299994,0.7596287304727178,order,taylor,0.6804109531900671,0.8382035642021644,0.7610257939923029
-2.1515151515151514,0.04036394739614887,0.6865101910299626,order,ipw,0.6206804329404503,0.7524696889166045,0.6864853887571749
-2.1515151515151514,0.0,0.6828543264826754,order,true,0.6828543264826754,0.6828543264826754,
-2.090909090909091,0.046688373981950665,0.7480917954343979,order,taylor,0.6713488679769244,0.8242931035289324,0.748945695255703
-2.090909090909091,0.03968584204062043,0.6817014770445742,order,ipw,0.6169760022516884,0.7463696987374303,0.6816166071539658
-2.090909090909091,0.0,0.6781223138077569,order,true,0.6781223138077569,0.6781223138077569,
-2.0303030303030303,0.045353268543754974,0.7368438757033458,order,taylor,0.6625647917968833,0.8107293632906025,0.7371563162805667
-2.0303030303030303,0.038989776433722395,0.6767794855676947,order,ipw,0.6131860783174019,0.7401241400336207,0.676632196951929
-2.0303030303030303,0.0,0.6733145557859391,order,true,0.6733145557859391,0.6733145557859391,
-1.9696969696969697,0.04403876025947055,0.725884971279562,order,taylor,0.6540369121433812,0.7975123434871744,0.7261053623136859
-1.9696969696969697,0.03827637203282659,0.6717505870962422,order,ipw,0.6093161364250229,0.733740708550992,0.6713807144345633
-1.9696969696969697,0.0,0.6683206347747289,order,true,0.6683206347747289,0.6683206347747289,
-1.9090909090909092,0.04274496117360961,0.7152150821630461,order,taylor,0.6457628892907978,0.7846420441186486,0.7153963074713291
-1.9090909090909092,0.0375463574175557,0.6666220345218327,order,ipw,0.6053724189907193,0.7273934106594042,0.6660274506253743
-1.9090909090909092,0.0,0.6635313657772052,order,true,0.6635313657772052,0.6635313657772052,
-1.8484848484848484,0.04147200825141017,0.7048342083537985,order,taylor,0.6377427232391328,0.7721184651850247,0.7051873776897573
-1.8484848484848484,0.036800571468015415,0.6614019734109589,order,ipw,0.6013619498610582,0.7211359937173479,0.6610501886033064
-1.8484848484848484,0.0,0.6583717138964276,order,true,0.6583717138964276,0.6583717138964276,
-1.7878787878787878,0.04022006667909927,0.6947423498518188,order,taylor,0.6299764139883867,0.7599416066863026,0.6953355419699736
-1.7878787878787878,0.03603996611116264,0.656099444261844,order,ipw,0.5972925420251209,0.7147685553267233,0.6558586989790107
-1.7878787878787878,0.0,0.6535030290993944,order,true,0.6535030290993944,0.6535030290993944,
-1.7272727272727273,0.03898933358350572,0.6849395066571075,order,taylor,0.6224639615385589,0.7481114686224827,0.6856821413801226
-1.7272727272727273,0.03526560864864663,0.650724376088572,order,ipw,0.593172798081327,0.7083015890794294,0.6505650579389863
-1.7272727272727273,0.0,0.6482972819446142,order,true,0.6482972819446142,0.6482972819446142,
-1.6666666666666665,0.03778004222194582,0.6754256787696642,order,taylor,0.6152053658896498,0.7366280509935647,0.676441860478223
-1.6666666666666665,0.034478683698929216,0.6452875707809027,order,ipw,0.5890121028719824,0.7017465462611313,0.6451493883122741
-1.6666666666666665,0.0,0.6423321664686382,order,true,0.6423321664686382,0.6423321664686382,
-1.606060606060606,0.03659246669768692,0.666200866189489,order,taylor,0.6082006270416591,0.7254913537995488,0.6671479753145381
-1.606060606060606,0.033680494807534336,0.6398006778057286,order,ipw,0.584820607786069,0.6951158077642651,0.6395436576204767
-1.606060606060606,0.0,0.6368888437704012,order,true,0.6368888437704012,0.6368888437704012,
-1.5454545454545454,0.035426927260129096,0.657265068916582,order,taylor,0.6014497449945873,0.7147013770404348,0.6580326350911992
-1.5454545454545454,0.03287246580122174,0.6342761589516837,order,ipw,0.5806092063359398,0.6884226452210535,0.6338992823087428
-1.5454545454545454,0.0,0.6317592308195519,order,true,0.6317592308195519,0.6317592308195519,
-1.4848484848484849,0.034283796251596416,0.648618286950943,order,taylor,0.5945465916209909,0.7042581207162227,0.6490877940662461
-1.4848484848484849,0.03205614198376775,0.6287272429695197,order,ipw,0.576389500735088,0.6816811712454967,0.6284496831033023
-1.4848484848484849,0.0,0.6260234884942455,order,true,0.6260234884942455,0.6260234884942455,
-1.4242424242424243,0.033163504763507844,0.6402605202925723,order,taylor,0.5871178506411695,0.6942331892216134,0.6404608011304855
-1.4242424242424243,0.031233191291540365,0.6231678701243842,order,ipw,0.5721737593395131,0.6747364121610737,0.6231784388776205
-1.4242424242424243,0.0,0.6206454069181299,order,true,0.6206454069181299,0.6206454069181299,
-1.3636363636363635,0.03206655006258754,0.6321917689414697,order,taylor,0.5799286880583242,0.6846430268098759,0.6322202650046215
-1.3636363636363635,0.03040540554446774,0.6176126268482416,order,ipw,0.5679748649616799,0.6677003300148133,0.6178726887301955
-1.3636363636363635,0.0,0.6149245045278905,order,true,0.6149245045278905,0.6149245045278905,
-1.303030303030303,0.030993503841108137,0.624412032897635,order,taylor,0.5734338135341508,0.6753464009040326,0.6246875409335058
-1.303030303030303,0.029574701939988332,0.612076670857089,order,ipw,0.5636835300018914,0.6606636123185425,0.6124139367677446
-1.303030303030303,0.0,0.6100254073090303,order,true,0.6100254073090303,0.6100254073090303,
-1.2424242424242424,0.02994502133178855,0.6169213121610686,order,taylor,0.5677930854449003,0.6660520455462816,0.6174853829380833
-1.2424242424242424,0.028743124941129895,0.6065756472736706,order,ipw,0.5596036237983038,0.6536442335862964,0.6069405363564478
-1.2424242424242424,0.0,0.604779758468511,order,true,0.604779758468511,0.604779758468511,
-1.1818181818181817,0.028921851304986906,0.6097196067317704,order,taylor,0.5624169337884126,0.6572785599958297,0.6101586417302405
-1.1818181818181817,0.027912848701061522,0.6011255964672435,order,ipw,0.5554751471030142,0.6468553737026275,0.6016923968008763
-1.1818181818181817,0.0,0.5979235353379947,order,true,0.5979235353379947,0.5979235353379947,
-1.121212121212121,0.02792484692941116,0.6028069166097402,order,taylor,0.5573511751884644,0.648934154416843,0.6034655383014311
-1.121212121212121,0.027086180140196276,0.5957428544827906,order,ipw,0.5514355523862043,0.6403618997138764,0.5962327632714223
-1.121212121212121,0.0,0.5926207641487214,order,true,0.5926207641487214,0.5926207641487214,
-1.0606060606060606,0.02695497742278246,0.5961832417949782,order,taylor,0.552570924018614,0.6409352644735348,0.5965186972938075
-1.0606060606060606,0.026265562741784536,0.5904439470783425,order,ipw,0.5475380395505978,0.6339588738938747,0.5907328505042073
-1.0606060606060606,0.0,0.5862383601991411,order,true,0.5862383601991411,0.5862383601991411,
-1.0,0.02601334033958882,0.5898485822874843,order,taylor,0.5476948359451086,0.6330610740836811,0.5899066322476764
-1.0,0.02545358104989338,0.5852454785166067,order,ipw,0.5437460753116944,0.6275498494839712,0.5852378623358105
-1.0,0.0,0.58179893764679,order,true,0.58179893764679,0.58179893764679,
-0.9393939393939394,0.025101174231938223,0.5838029380872584,order,taylor,0.542718147806677,0.6252028927901879,0.5837209407852577
-0.9393939393939394,0.024652965730141616,0.5801640163624152,order,ipw,0.5396981082741521,0.6208410364701029,0.5800225019808258
-0.9393939393939394,0.0,0.5763794800761836,order,true,0.5763794800761836,0.5763794800761836,
-0.8787878787878789,0.024219871268392028,0.5780463091943008,order,taylor,0.5377140782308235,0.6176617797456302,0.5782847701453164
-0.8787878787878789,0.02386659887765289,0.5752159736178392,order,ipw,0.5353909364880174,0.6142588650388885,0.5755564395168229
-0.8787878787878789,0.0,0.572240906887324,order,true,0.572240906887324,0.572240906887324,
-0.8181818181818183,0.023370989196362407,0.5725786956086112,order,taylor,0.5334708996566505,0.6104415409070727,0.5729755156713356
-0.8181818181818183,0.023097519017106747,0.570417489580376,order,ipw,0.5316631132429989,0.6078322986997646,0.5708997892130832
-0.8181818181818183,0.0,0.5669055016197891,order,true,0.5669055016197891,0.5669055016197891,
-0.7575757575757573,0.022556261779717268,0.5674000973301898,order,taylor,0.5300876858258614,0.6037102498251987,0.5678717685168981
-0.7575757575757573,0.022348924926772828,0.5657843108355012,order,ipw,0.5288671259885634,0.6016211016667208,0.5665028976493947
-0.7575757575757573,0.0,0.5621709270424369,order,true,0.5621709270424369,0.5621709270424369,
-0.6969696969696968,0.021777606532819186,0.5625105143590364,order,taylor,0.5277659000205468,0.597828691116828,0.5632794671253929
-0.6969696969696968,0.0216241770273795,0.561331673793244,order,ipw,0.5268384729170431,0.5962897760007619,0.5621432981014984
-0.6969696969696968,0.0,0.5574797846508125,order,true,0.5574797846508125,0.5574797846508125,
-0.6363636363636362,0.021037128212750316,0.5579099466951513,order,taylor,0.524797627850325,0.5922792794940153,0.558232766242712
-0.6363636363636362,0.020926794613928247,0.5570741901503585,order,ipw,0.5239718698300383,0.5911761342734285,0.5573634472176163
-0.6363636363636362,0.0,0.5536125067709546,order,true,0.5536125067709546,0.5536125067709546,
-0.5757575757575757,0.02033711614614936,0.5535983943385342,order,taylor,0.521876555017803,0.5868608908266677,0.5535810516388777
-0.5757575757575757,0.020260446699938303,0.5530257366070505,order,ipw,0.5213083028755539,0.5861537785225649,0.5529000304022759
-0.5757575757575757,0.0,0.549289106641545,order,true,0.549289106641545,0.549289106641545,
-0.5151515151515151,0.019680033103036197,0.5495758572891852,order,taylor,0.5192460077084644,0.5822407003886441,0.5492625738134882
-0.5151515151515151,0.019628933745612833,0.5491993500927578,order,ipw,0.5189069543877319,0.581735769658448,0.5489636203421018
-0.5151515151515151,0.0,0.5446849943457468,order,true,0.5446849943457468,0.5446849943457468,
-0.4545454545454546,0.01906849316658116,0.5458423355471044,order,taylor,0.516814413398135,0.5777073546475191,0.5455875339824909
-0.4545454545454546,0.019036157153317912,0.5456071296623658,order,ipw,0.5165770400300759,0.5773798596688166,0.5453708557651091
-0.4545454545454546,0.0,0.5407277036014826,order,true,0.5407277036014826,0.5407277036014826,
-0.39393939393939403,0.018505226001680235,0.5423978291122917,order,taylor,0.5146773600146373,0.5735279434764388,0.542081664458542
-0.39393939393939403,0.018486073286290268,0.5422601461160629,order,ipw,0.5145373843858296,0.5733352601505162,0.5419589008115566
-0.39393939393939403,0.0,0.5370952971718619,order,true,0.5370952971718619,0.5370952971718619,
-0.33333333333333304,0.01799302524654039,0.5392423379847472,order,taylor,0.5128097369496633,0.5697002296116664,0.5391155733964249
-0.33333333333333304,0.017982629099088373,0.5391683602764927,order,ipw,0.512717109756941,0.5695940764262513,0.5390517953194693
-0.33333333333333304,0.0,0.534924693352757,order,true,0.534924693352757,0.534924693352757,
-0.2727272727272725,0.01753467960297734,0.5363758621644708,order,taylor,0.5095061307003215,0.5662067946261715,0.5360750408636817
-0.2727272727272725,0.01752967748342872,0.5363405507296463,order,ipw,0.5094600459140688,0.566154499622593,0.5360397867574314
-0.2727272727272725,0.0,0.5318489435517945,order,true,0.5318489435517945,0.5318489435517945,
-0.21212121212121193,0.0171328867129392,0.5337984016514624,order,taylor,0.506455406231702,0.5630476385199541,0.5337447908861825
-0.21212121212121193,0.017130872315861183,0.53378425170446,order,ipw,0.5064359248869007,0.5630258037512109,0.5337347138833317
-0.21212121212121193,0.0,0.5297371489418521,order,true,0.5297371489418521,0.5297371489418521,
-0.15151515151515138,0.01679015210786932,0.5315099564457223,order,taylor,0.5044590517255636,0.5601231107849426,0.5307808856389827
-0.15151515151515138,0.016789545993649478,0.5315057016333888,order,ipw,0.5044554433802795,0.5601159735195138,0.53077714152535
-0.15151515151515138,0.0,0.5276704904356654,order,true,0.5276704904356654,0.5276704904356654,
-0.09090909090909083,0.016508678244899364,0.5295105265472502,order,taylor,0.5039798938140182,0.5560559700261484,0.5293934877404449
-0.09090909090909083,0.016508575757199054,0.5295098028048372,order,ipw,0.5039791705710484,0.5560544468236741,0.5293927813133927
-0.09090909090909083,0.0,0.5253336345883967,order,true,0.5253336345883967,0.5253336345883967,
-0.030303030303030276,0.016290251493625313,0.5278001119560463,order,taylor,0.5020643201274289,0.5552508955075708,0.5278221378806767
-0.030303030303030276,0.016290248772145945,0.527800092390169,order,ipw,0.5020642997851679,0.5552509017236757,0.5278221024297087
-0.030303030303030276,0.0,0.5242954944887649,order,true,0.5242954944887649,0.5242954944887649,
0.030303030303030276,0.016136137268026228,0.5263787126721104,order,taylor,0.5003990658591672,0.55420832074375,0.5261646023331432
0.030303030303030276,0.0161361389031458,0.5263787250044296,order,ipw,0.5003990798614244,0.5542083208768321,0.5261646158369984
0.030303030303030276,0.0,0.5225687416103989,order,true,0.5225687416103989,0.5225687416103989,
0.09090909090909083,0.01604699456081756,0.5252463286954427,order,taylor,0.499051207207449,0.5538847713712117,0.5254485819543697
0.09090909090909083,0.01604700933256847,0.5252464668416134,order,ipw,0.4990511396896803,0.5538848994118271,0.5254484719210968
0.09090909090909083,0.0,0.5219368930922035,order,true,0.5219368930922035,0.5219368930922035,
0.15151515151515138,0.016022820317959978,0.5244029600260431,order,taylor,0.49809341937624263,0.5522332436963628,0.5243453082667298
0.15151515151515138,0.01602275384920018,0.5244027013125334,order,ipw,0.4980920410761574,0.5522330041667948,0.5243446113283692
0.15151515151515138,0.0,0.520835274335599,order,true,0.520835274335599,0.520835274335599,
0.21212121212121238,0.016062931191122166,0.5238486066639116,order,taylor,0.49816473351434215,0.5508314350241066,0.5240856517052941
0.21212121212121238,0.016062385554952315,0.5238454460059058,order,ipw,0.4981646742252976,0.5508279440415972,0.5240827498802477
0.21212121212121238,0.0,0.5204073369352271,order,true,0.5204073369352271,0.5204073369352271,
0.27272727272727293,0.016165985625659716,0.5235832686090484,order,taylor,0.49850132934078206,0.5507851122562285,0.5238297282443634
0.27272727272727293,0.016164075560783028,0.523571380690655,order,ipw,0.49849058911930855,0.5507672982065197,0.5238245105513515
0.27272727272727293,0.0,0.5200598847659941,order,true,0.5200598847659941,0.5200598847659941,
0.3333333333333335,0.016330043934793457,0.5236069458614532,order,taylor,0.49863608269053783,0.5496996971887339,0.5237367045605974
0.3333333333333335,0.0163252373557603,0.5235758859790955,order,ipw,0.49860965448251965,0.5496425291443725,0.5237190026799351
0.3333333333333335,0.0,0.5199877221935917,order,true,0.5199877221935917,0.5199877221935917,
0.39393939393939403,0.01655265919135238,0.5239196384211261,order,taylor,0.4990203131768698,0.5515116093442487,0.5239131370216616
0.39393939393939403,0.016542646600687428,0.5238530921759278,order,ipw,0.49896304643752937,0.5514009723327377,0.5238745606530052
0.39393939393939403,0.0,0.5202439251407525,order,true,0.5202439251407525,0.5202439251407525,
0.4545454545454546,0.016830988490900835,0.5245213462880671,order,taylor,0.49843529153683264,0.5532026843631366,0.5251292335029254
0.4545454545454546,0.016812582452895405,0.5243959377464873,order,ipw,0.4983838596048364,0.553041002424482,0.5249436182186165
0.4545454545454546,0.0,0.5212246355719302,order,true,0.5212246355719302,0.5212246355719302,
0.5151515151515151,0.01716191295228906,0.5254120694622764,order,taylor,0.4988652070408708,0.5553870374088836,0.5258157487023765
0.5151515151515151,0.01713097572657399,0.5251962367492174,order,ipw,0.4987165007969542,0.5551266323895271,0.5256114331722104
0.5151515151515151,0.0,0.5224490538558149,order,true,0.5224490538558149,0.5224490538558149,
0.5757575757575757,0.017542155649737226,0.5265918079437536,order,taylor,0.49973460079900345,0.5568737564099263,0.5271109452256793
0.5757575757575757,0.017493550930063693,0.5262447544921213,order,ipw,0.49948485185031405,0.5564607380733113,0.5267483293278057
0.5757575757575757,0.0,0.5237037393873711,order,true,0.5237037393873711,0.5237037393873711,
0.6363636363636367,0.017968388953211838,0.528060561732499,order,taylor,0.5003728436280827,0.559566657003102,0.5285967435235545
0.6363636363636367,0.017895952601951863,0.5275312905915839,order,ipw,0.5000120956154037,0.5588566180392129,0.5279175540966982
0.6363636363636367,0.0,0.5249067126626569,order,true,0.5249067126626569,0.5249067126626569,
0.6969696969696972,0.018437325719686162,0.5298183308285126,order,taylor,0.5008521983305456,0.5625220773103147,0.5302780515428951
0.6969696969696972,0.018333850322128982,0.5290447685355136,order,ipw,0.500306037989616,0.5615075523466222,0.5295498253459666
0.6969696969696972,0.0,0.5268721378110885,order,true,0.5268721378110885,0.5268721378110885,
0.7575757575757578,0.018945791717347903,0.5318651152317941,order,taylor,0.5015972637472367,0.5657797808464232,0.532578174055253
0.7575757575757578,0.018803020415789268,0.5307733307826499,order,ipw,0.5008051617111592,0.5643711915615751,0.5315947473727318
0.7575757575757578,0.0,0.5295675450167767,order,true,0.5295675450167767,0.5295675450167767,
0.8181818181818183,0.019490779096039138,0.534200914942344,order,taylor,0.5023567073483938,0.5693397676114278,0.5349149824820594
0.8181818181818183,0.019299405171357583,0.53270443836792,order,ipw,0.5014986279930522,0.5674352150931774,0.5334367400009637
0.8181818181818183,0.0,0.5306311005499814,order,true,0.5306311005499814,0.5306311005499814,
0.8787878787878789,0.020069482424561566,0.536825729960162,order,taylor,0.503395623653178,0.5732020376053283,0.5371645122270142
0.8787878787878789,0.019819152191253835,0.5348249739318863,order,ipw,0.5018283587370244,0.570684866970916,0.5353325497805048
0.8787878787878789,0.0,0.531940121007086,order,true,0.531940121007086,0.531940121007086,
0.9393939393939394,0.020679319798270715,0.5397395602852479,order,taylor,0.5049600379393279,0.5768905035726594,0.5397851697084908
0.9393939393939394,0.02035863737761246,0.5371213470526932,order,ipw,0.5029300492149946,0.5737487704439072,0.5372317553020312
0.9393939393939394,0.0,0.5344444231696142,order,true,0.5344444231696142,0.5344444231696142,
1.0,0.021317941906103907,0.5429424059176021,order,taylor,0.5064299408389132,0.5813418219666003,0.543143073638032
1.0,0.02091447524260591,0.5395796007335385,order,ipw,0.5037519865299593,0.5770823799839908,0.5398325505436046
1.0,0.0,0.5372865051794099,order,true,0.5372865051794099,0.5372865051794099,
1.0606060606060606,0.02198323191003994,0.5464342668572244,order,taylor,0.5090967285205718,0.5866934181998789,0.5462565228287382
1.0606060606060606,0.02148351997047883,0.5421855178893891,order,ipw,0.5055858625945076,0.5814703777677258,0.5421587963921689
1.0606060606060606,0.0,0.5394746849387464,order,true,0.5394746849387464,0.5394746849387464,
1.121212121212121,0.02267329870014414,0.5502151431041148,order,taylor,0.5116876702260886,0.5918310239592678,0.549650291589725
1.121212121212121,0.022062860157800263,0.544924726684894,order,ipw,0.5073730710323977,0.5853717275161131,0.5445261211018511
1.121212121212121,0.0,0.5418964304625001,order,true,0.5418964304625001,0.5418964304625001,
1.1818181818181817,0.02338646567863662,0.5542850346582733,order,taylor,0.5154413305110774,0.597269135918714,0.5535598896050413
1.1818181818181817,0.02264980957491686,0.5477828036022337,order,ipw,0.5097273699626597,0.5893782726760879,0.5470336309662012
1.1818181818181817,0.0,0.544287476606613,order,true,0.544287476606613,0.544287476606613,
1.2424242424242422,0.0241212567893071,0.5586439415197,order,taylor,0.5180300312484034,0.6029386909714322,0.558105373595502
1.2424242424242422,0.023241895723402985,0.5507453731633819,order,ipw,0.5122823358577434,0.5934741468504718,0.5500980253632625
1.2424242424242422,0.0,0.5484579552800171,order,true,0.5484579552800171,0.5484579552800171,
1.3030303030303028,0.02487638109968146,0.5632918636883948,order,taylor,0.5211829312735038,0.6088765585079315,0.5628926019661067
1.3030303030303028,0.023836847464186944,0.5537982032957143,order,ipw,0.5138992401640875,0.5975560476653182,0.553248284562209
1.3030303030303028,0.0,0.5509419699141128,order,true,0.5509419699141128,0.5509419699141128,
1.3636363636363633,0.02565071689031916,0.5682288011643577,order,taylor,0.5249964680497342,0.6145595145055508,0.5675393416013828
1.3636363636363633,0.02443258257994199,0.5569272954121811,order,ipw,0.5162233089786158,0.6016945586465987,0.5562142238991201
1.3636363636363633,0.0,0.5541086758814406,order,true,0.5541086758814406,0.5541086758814406,
1.4242424242424248,0.02644329591755317,0.5734547539475888,order,taylor,0.5290457897009767,0.6201496017881403,0.5730031972225735
1.4242424242424248,0.02502719581479408,0.5601189683757544,order,ipw,0.5186699183936647,0.6058790206883697,0.5595762083816924
1.4242424242424248,0.0,0.5577761497087238,order,true,0.5577761497087238,0.5577761497087238,
1.4848484848484853,0.027253288290935526,0.5789697220380879,order,taylor,0.5333308962272313,0.6276050785253809,0.57883226972651
1.4848484848484853,0.02561894769560203,0.5633599356304372,order,ipw,0.521160608760037,0.6093398996670006,0.5626399536328297
1.4848484848484853,0.0,0.560734319793402,order,true,0.560734319793402,0.560734319793402,
1.5454545454545459,0.028079988237126693,0.5847737054358553,order,taylor,0.5378609354232563,0.6354856413712001,0.5847431313495512
1.5454545454545459,0.026206254268882935,0.5666373749050263,order,ipw,0.5236849173925727,0.6138488699161043,0.5660308543371091
1.5454545454545459,0.0,0.5640427798495578,order,true,0.5640427798495578,0.5640427798495578,
1.6060606060606064,0.028922800898431977,0.5908667041408906,order,taylor,0.5426321140695377,0.6433522401358618,0.5908736708178204
1.6060606060606064,0.026787677772024218,0.5699389900279425,order,ipw,0.5260716923219122,0.618692866187668,0.5692438968104576
1.6060606060606064,0.0,0.56733316400638,order,true,0.56733316400638,0.56733316400638,
1.666666666666667,0.029781230227095633,0.5972487181531941,order,taylor,0.5472966949337559,0.6511868116443881,0.5971612445378145
1.666666666666667,0.0273619181839953,0.5732530645284336,order,ipw,0.5280233994723136,0.6229927616333103,0.5725059690282042
1.666666666666667,0.0,0.5710750472863492,order,true,0.5710750472863492,0.5710750472863492,
1.7272727272727275,0.03065486797726903,0.6039197474727658,order,taylor,0.5521204170101248,0.6593222142003062,0.6038166335281261
1.7272727272727275,0.0279278055584878,0.5765685068377542,order,ipw,0.5300076066065862,0.6272696128385536,0.5758451121507903
1.7272727272727275,0.0,0.5741637438237673,order,true,0.5741637438237673,0.5741637438237673,
1.787878787878788,0.03154338375812876,0.6108797920996055,order,taylor,0.5572255154801685,0.6679691795162943,0.6107193759216454
1.787878787878788,0.028484293022469572,0.5798748870400888,order,ipw,0.5320147855095329,0.6314991686218752,0.5792868103787594
1.787878787878788,0.0,0.5776363313610697,order,true,0.5776363313610697,0.5776363313610697,
1.8484848484848486,0.032446516088221175,0.6181288520337135,order,taylor,0.5626119903438869,0.6770989519644969,0.6177050016725198
1.8484848484848486,0.02903045031866051,0.5831624652537121,order,ipw,0.5340359917031416,0.63585622094474,0.5826831458165717
1.8484848484848486,0.0,0.5809273341564034,order,true,0.5809273341564034,0.5809273341564034,
1.9090909090909092,0.033364064378340746,0.6256669272750895,order,taylor,0.5686339939864099,0.6865013568024437,0.6254205875752048
1.9090909090909092,0.029565457776157874,0.5864222118451301,order,ipw,0.5360628812632793,0.6403885244374458,0.5858853742935877
1.9090909090909092,0.0,0.5839114026249331,order,true,0.5839114026249331,0.5839114026249331,
1.9696969696969697,0.03429588176479065,0.6334940178237336,order,taylor,0.5752157634912508,0.6961515541641304,0.6333833842797112
1.9696969696969697,0.030088600605457417,0.589645819790172,order,ipw,0.5380936284149322,0.6448480263547495,0.5890463410846247
1.9696969696969697,0.0,0.5870778961749,order,true,0.5870778961749,0.5870778961749,
2.0303030303030303,0.035241868714281824,0.6416101236796459,order,taylor,0.5815649642941181,0.7060768449965726,0.6415066613200924
2.0303030303030303,0.030599263429571193,0.5928257095940639,order,ipw,0.5401269433746463,0.6490285864461053,0.5919246690133192
2.0303030303030303,0.0,0.5903917526780259,order,true,0.5903917526780259,0.5903917526780259,
2.090909090909091,0.0362019673242442,0.6500152448428262,order,taylor,0.5880191520263996,0.7162772292997706,0.6499307581793621
2.090909090909091,0.031096924979783343,0.5959550272658614,order,ipw,0.5421438463999207,0.6528694339533155,0.5949868164907749
2.090909090909091,0.0,0.5934778159424942,order,true,0.5934778159424942,0.5934778159424942,
2.1515151515151514,0.037176156246703805,0.6587093813132747,order,taylor,0.5947193673214648,0.7267527070737236,0.6584780972484998
2.1515151515151514,0.03158115290141042,0.5990276359102442,order,ipw,0.5441384596040207,0.6566381563167232,0.5979921391581846
2.1515151515151514,0.0,0.5963279359739456,order,true,0.5963279359739456,0.5963279359739456,
2.212121212121212,0.038164446169262595,0.6676925330909914,order,taylor,0.6016656101793136,0.7375032783184325,0.6671759554829328
2.212121212121212,0.03205159863076648,0.6020381015511428,order,ipw,0.5461054986201523,0.6603283568328727,0.6009333132035719
2.212121212121212,0.0,0.5994074961283382,order,true,0.5994074961283382,0.5994074961283382,
2.2727272727272725,0.03916687579252324,0.6769647001759762,order,taylor,0.6088578805999458,0.7485289430338968,0.6762889093556304
2.2727272727272725,0.03250799231880695,0.6049816738370335,order,ipw,0.5480402563279623,0.6639344625360536,0.6038171693880152
2.2727272727272725,0.0,0.6023090716601792,order,true,0.6023090716601792,0.6023090716601792,
2.333333333333334,0.04018350824914475,0.6865258825682292,order,taylor,0.6162961785833619,0.7598297012201171,0.6858480967497167
2.333333333333334,0.032950137789267836,0.6078542622976114,order,ipw,0.5499385829926879,0.6674340486420559,0.6067334733348841
2.333333333333334,0.0,0.605633957900707,order,true,0.605633957900707,0.605633957900707,
2.3939393939393945,0.04121442791535972,0.6963760802677501,order,taylor,0.6239805041295615,0.7714055528770924,0.6958103133419735
2.3939393939393945,0.03337790752940902,0.6106524088268328,order,ipw,0.5518779438303776,0.6708354976101679,0.6095175127971143
2.3939393939393945,0.0,0.608841118619416,order,true,0.608841118619416,0.608841118619416,
2.454545454545455,0.0422597375710869,0.7065152932745393,order,taylor,0.6319108572385447,0.7832564980048233,0.7063100896568872
2.454545454545455,0.03379123771967731,0.6133732570593742,order,ipw,0.5539904811056852,0.674141596900642,0.6121540639548855
2.454545454545455,0.0,0.6114892888502108,order,true,0.6114892888502108,0.6114892888502108,
2.5151515151515156,0.04331955586965896,0.7169435215885965,order,taylor,0.6400872379103114,0.7953825366033096,0.7171918410708552
2.5151515151515156,0.03419012331483623,0.6160145192878863,order,ipw,0.5560457787413293,0.6773497215445657,0.6147104020259662
2.5151515151515156,0.0,0.614338356284275,order,true,0.614338356284275,0.614338356284275,
2.575757575757576,0.044394015082627226,0.727660765209922,order,taylor,0.648791123603229,0.8077836686725517,0.7278354317362177
2.575757575757576,0.034574613193492844,0.6185744415387697,order,ipw,0.5580419135512604,0.6804578860675672,0.6171851460830395
2.575757575757576,0.0,0.6168735656010795,order,true,0.6168735656010795,0.6168735656010795,
2.6363636363636367,0.04548325908909937,0.7386670241385154,order,taylor,0.6577854346524136,0.820444389820142,0.7385677880185183
2.6363636363636367,0.034944805395711716,0.621051767386354,order,ipw,0.5599773925722665,0.6834647004603656,0.6195773838636742
2.6363636363636367,0.0,0.6195416668947547,order,true,0.6195416668947547,0.6195416668947547,
2.6969696969696972,0.04658744158263155,0.7499622983743771,order,taylor,0.6670595362349111,0.8333406203708216,0.7497126321581324
2.6969696969696972,0.03530084246972793,0.6234457010411444,order,ipw,0.5618511223485152,0.6863693253425552,0.6218866348360177
2.6969696969696972,0.0,0.6216539963502623,order,true,0.6216539963502623,0.6216539963502623,
2.757575757575758,0.0477067244718614,0.7615465879175067,order,taylor,0.676613428350721,0.8465089080704133,0.7613113430923392
2.757575757575758,0.0356429069489121,0.6257558701989765,order,ipw,0.5636623780178568,0.6891714269058402,0.6241128132982356
2.757575757575758,0.0,0.6240475172732185,order,true,0.6240475172732185,0.6240475172732185,
2.8181818181818183,0.04884127645386276,0.7734198927679047,order,taylor,0.6864471109998439,0.8599492529189174,0.7731828030835375
2.8181818181818183,0.03597121697929843,0.6279822890861483,order,ipw,0.5654107725488874,0.6920004558669361,0.626256191920423
2.8181818181818183,0.0,0.6262834899234049,order,true,0.6262834899234049,0.6262834899234049,
2.878787878787879,0.049991271741666725,0.7855822129255706,order,taylor,0.6965716211277213,0.8736616549163339,0.7853270121317275
2.878787878787879,0.036286022116394326,0.630125322082407,order,ipw,0.5670962264354951,0.6948139262038392,0.6283491788214239
2.878787878787879,0.0,0.6282036956889739,order,true,0.6282036956889739,0.6282036956889739,
2.9393939393939394,0.05115688892955604,0.7980335483905049,order,taylor,0.7069732861723023,0.8877241337104225,0.7977439702369092
2.9393939393939394,0.036587599307836435,0.63218564825041,order,ipw,0.5687189381133966,0.6975160791427722,0.6304341555058057
2.9393939393939394,0.0,0.630315742594956,order,true,0.630315742594956,0.630315742594956,
3.0,0.05233830998163873,0.810773899162707,order,taylor,0.7171466497993247,0.9026329632517808,0.8105872885446206
3.0,0.036876249075917675,0.6341642270480983,order,ipw,0.5702793553219612,0.7001085649910711,0.6324574512015766
3.0,0.0,0.6324876634314386,order,true,0.6324876634314386,0.6324876634314386,
-3.0,0.15397066984120727,0.4459185314044163,age,taylor,0.20420986097821034,0.7044639503031137,0.4324637308688284
-3.0,3.5590021027284173,0.2642323024850766,age,ipw,0.0002565256052718007,0.047795615402975,0.0016259989886093648
-3.0,0.0,0.3620057619274862,age,true,,,
-2.9393939393939394,0.1484768649791287,0.44865820081129676,age,taylor,0.2164509166133117,0.7003587145796839,0.4342225522824458
-2.9393939393939394,4.143394627767314,0.3093840863432592,age,ipw,0.00038952989604496723,0.06292386130910474,0.0023191853407217708
-2.9393939393939394,0.0,0.3668956647324282,age,true,,,
-2.878787878787879,0.14309492534496857,0.4513524853329169,age,taylor,0.22620425514470271,0.693688682712508,0.4359819941333425
-2.878787878787879,4.753416481501432,0.35725946564157424,age,ipw,0.0005807431203460492,0.08081613101206916,0.00332442506220138
-2.878787878787879,0.0,0.37144613064842363,age,true,,,
-2.8181818181818183,0.1378248486209126,0.45400138496927667,age,taylor,0.23519781972175477,0.6870992775821818,0.4382646357937343
-2.8181818181818183,5.373749839584519,0.40691176291660064,age,ipw,0.0008507033469662314,0.10294479721399569,0.004643693583570998
-2.8181818181818183,0.0,0.37635229888498883,age,true,,,
-2.757575757575758,0.13266663227898454,0.4566048997203761,age,taylor,0.24621040240943742,0.6820506628134367,0.4420310702549981
-2.757575757575758,5.986481249002584,0.4572088539661218,age,ipw,0.001242450150713309,0.1336347173377398,0.0064337529884617665
-2.757575757575758,0.0,0.3813192227581646,age,true,,,
-2.696969696969697,0.12762027355981104,0.4591630295862153,age,taylor,0.2572820890927337,0.677761929612419,0.44549405976699485
-2.696969696969697,6.57187252481492,0.5068811278309469,age,ipw,0.001797527748120723,0.17098989525985273,0.008877328674285243
-2.696969696969697,0.0,0.38634812416897557,age,true,,,
-2.6363636363636362,0.122685769449136,0.46167577456679426,age,taylor,0.26716672445302914,0.6728169618770923,0.44809192210839166
-2.6363636363636362,7.1093652450740255,0.5545851598740995,age,ipw,0.0025660902588922375,0.2156584085468095,0.012032331909462079
-2.6363636363636362,0.0,0.39107167632260464,age,true,,,
-2.5757575757575757,0.11786311665186197,0.4641431346621128,age,taylor,0.27802929775725793,0.6645789698210782,0.4506505022715388
-2.5757575757575757,7.578753211008369,0.5989788649505856,age,ipw,0.0036083508141041085,0.26778279558133095,0.0160922839974992
-2.5757575757575757,0.0,0.39561259162466156,age,true,,,
-2.515151515151515,0.1131523115633864,0.4665651098721712,age,taylor,0.28867273313486896,0.6583875822865742,0.45333137514517063
-2.515151515151515,7.961432521745468,0.6388022627074396,age,ipw,0.004996046874738164,0.31085692313367125,0.021039295544923987
-2.515151515151515,0.0,0.40028545784426434,age,true,,,
-2.4545454545454546,0.10855335023799066,0.4689417001969691,age,taylor,0.2990846557170773,0.6512485203846912,0.4565586066723904
-2.4545454545454546,8.241622708047974,0.6729569184679712,age,ipw,0.006830151830218628,0.35305002746771097,0.027425896692580668
-2.4545454545454546,0.0,0.405639316199416,age,true,,,
-2.393939393939394,0.10406622835403986,0.471272905636507,age,taylor,0.3089637851867192,0.6442988340965204,0.45927380803809253
-2.393939393939394,8.40744761862567,0.7005768133449731,age,ipw,0.009220729812807223,0.3956679969943658,0.035070644470926976
-2.393939393939394,0.0,0.40970855462790884,age,true,,,
-2.333333333333333,0.09969094117575707,0.4735587261907844,age,taylor,0.31878004485477784,0.6384157876793051,0.4629115520404745
-2.333333333333333,8.451772927171115,0.721083939182203,age,ipw,0.012293586723611211,0.4376529081587773,0.044262788940737915
-2.333333333333333,0.0,0.413165421531735,age,true,,,
-2.2727272727272725,0.09542748351135735,0.47579916185980153,age,taylor,0.32838215921449,0.6344349293370564,0.4651677058962125
-2.2727272727272725,8.372717883914946,0.734223279064537,age,ipw,0.016189000137452576,0.4845049544524815,0.05448701055553312
-2.2727272727272725,0.0,0.4182747753583904,age,true,,,
-2.212121212121212,0.09127584966736446,0.47799421264355835,age,taylor,0.3368044525273325,0.6319479092734291,0.46817815857584055
-2.212121212121212,8.173790063231639,0.7400738704765398,age,ipw,0.021059199978714204,0.5380891535947905,0.06562033807328538
-2.212121212121212,0.0,0.4220051182250705,age,true,,,
-2.1515151515151514,0.08723603339899978,0.4801438785420549,age,taylor,0.34349370252742817,0.6293924971532574,0.4714832323386866
-2.1515151515151514,7.863629561118015,0.7390351002383264,age,ipw,0.027064450150390756,0.5943151549668467,0.07787117546519956
-2.1515151515151514,0.0,0.42646471583518264,age,true,,,
-2.090909090909091,0.08330802785663297,0.4822481595552912,age,taylor,0.3500730661221307,0.6267601903515809,0.4734858061429658
-2.090909090909091,7.4553885492163765,0.7317899278536097,age,ipw,0.03425299571136285,0.6573871933597542,0.09437067880591046
-2.090909090909091,0.0,0.4303815751824151,age,true,,,
-2.0303030303030303,0.07949182552843488,0.48430705568326715,age,taylor,0.35678030599456967,0.624118496632215,0.47552912358083754
-2.0303030303030303,6.965808195623635,0.7192490425455529,age,ipw,0.041777489399846435,0.7175180303722289,0.11151750326161644
-2.0303030303030303,0.0,0.4351970451806069,age,true,,,
-1.9696969696969697,0.07578741817959084,0.48632056692598286,age,taylor,0.36583591025495854,0.6196070261359283,0.4787583580539353
-1.9696969696969697,6.4140831431188365,0.7024817338793867,age,ipw,0.05061072357942335,0.7729467164134045,0.13085718952814324
-1.9696969696969697,0.0,0.4392041783512576,age,true,,,
-1.9090909090909092,0.07219479678873819,0.4882886932834382,age,taylor,0.37463438131127313,0.6143627662572497,0.48122764086258607
-1.9090909090909092,5.820620649452974,0.6826402863301166,age,ipw,0.062071156989583064,0.8220311776227943,0.15089074905698785
-1.9090909090909092,0.0,0.4426303881516307,age,true,,,
-1.8484848484848484,0.06871395148271775,0.49021143475563334,age,taylor,0.37973138982927546,0.6107855536617688,0.48369812122021677
-1.8484848484848484,5.205805509467057,0.6608848993753575,age,ipw,0.07534233382119727,0.8631232762122462,0.17071361692343992
-1.8484848484848484,0.0,0.44750924319698854,age,true,,,
-1.7878787878787878,0.06534487147131028,0.49208879134256817,age,taylor,0.3832631541766257,0.6080248688868868,0.4862212923586325
-1.7878787878787878,4.588873247911492,0.6383155159575052,age,ipw,0.09041678654056985,0.8922598474273418,0.19220277107227401
-1.7878787878787878,0.0,0.45103011200448406,age,true,,,
-1.7272727272727273,0.06208754498441456,0.49392076304424265,age,taylor,0.39045559097913957,0.6038297666307979,0.4884612322038755
-1.7272727272727273,3.9869747845114643,0.6159156548676851,age,ipw,0.10729659097546858,0.9305943743932003,0.21732244561239678
-1.7272727272727273,0.0,0.4542645897910562,age,true,,,
-1.6666666666666665,0.05894195921517139,0.4957073498606568,age,taylor,0.39721464179246485,0.5991219573321411,0.49073654793505184
-1.6666666666666665,3.414489128810643,0.5945116100607215,age,ipw,0.12518682728615274,0.9630468092900749,0.24220502089042112
-1.6666666666666665,0.0,0.45894642908280225,age,true,,,
-1.606060606060606,0.05590810027392291,0.49744855179181074,age,taylor,0.4026975687906904,0.5945958252493638,0.49282313967383595
-1.606060606060606,2.8826106630528625,0.5747484659021165,age,ipw,0.14272946902046912,0.9800004219799897,0.2636604630129489
-1.606060606060606,0.0,0.46171946504648476,age,true,,,
-1.5454545454545454,0.05298595315969881,0.49914436883770436,age,taylor,0.41042935822705473,0.5900063664070017,0.4952099713000406
-1.5454545454545454,2.399208252657928,0.5570825419294404,age,ipw,0.16118458161855964,0.9206057646115877,0.2898046906746522
-1.5454545454545454,0.0,0.4657372532590095,age,true,,,
-1.4848484848484849,0.050175501758244846,0.5007948009983377,age,taylor,0.41494546841076146,0.5852417055831921,0.49660660498480713
-1.4848484848484849,1.9689282529276226,0.5417883413557236,age,ipw,0.18035063855041078,0.9132269317397487,0.3134630543098392
-1.4848484848484849,0.0,0.470019884783868,age,true,,,
-1.4242424242424243,0.04747672887855104,0.5023998482737108,age,taylor,0.4207509125217484,0.5806558291388179,0.49826529152505183
-1.4242424242424243,1.5934949153899391,0.528976981930827,age,ipw,0.2000013094385899,0.9170056742063379,0.3385467294936217
-1.4242424242424243,0.0,0.47238480532448746,age,true,,,
-1.3636363636363635,0.044889616343500846,0.5039595106638235,age,taylor,0.42793475591235286,0.5762487370738789,0.5011498215499712
-1.3636363636363635,1.272150964106379,0.5186225015350501,age,ipw,0.22089924188388843,0.9124900565162913,0.3603656761437861
-1.3636363636363635,0.0,0.4752622709458587,age,true,,,
-1.303030303030303,0.04241414515471716,0.5054737881686759,age,taylor,0.4347961109386029,0.5720204293883755,0.503540945053153
-1.303030303030303,1.0021782109876765,0.5105923403501841,age,ipw,0.24290618832988686,0.8944562553773715,0.3775332184576754
-1.303030303030303,0.0,0.47927537084975796,age,true,,,
-1.2424242424242424,0.04005029575693751,0.506942680788268,age,taylor,0.44133497760049833,0.5684818399276603,0.5061683377418662
-1.2424242424242424,0.7794419792544455,0.5046786287471917,age,ipw,0.2650251402834111,0.8697318134065931,0.39583791224570375
-1.2424242424242424,0.0,0.48173035673373554,age,true,,,
-1.1818181818181817,0.03779804843319372,0.5083661885225998,age,taylor,0.44673283381333556,0.5665440859114887,0.5084093113410783
-1.1818181818181817,0.5989120692624159,0.5006275357617517,age,ipw,0.2871880947415909,0.8398112495518945,0.4141259209043545
-1.1818181818181817,0.0,0.48517317834711376,age,true,,,
-1.121212121212121,0.03565738386837652,0.5097443113716714,age,taylor,0.4507381490273485,0.5650090469283775,0.510568439038344
-1.121212121212121,0.455124963727219,0.4981647215054443,age,ipw,0.3084759856672275,0.8061579556189931,0.4309176468308273
-1.121212121212121,0.0,0.4879757248183397,age,true,,,
-1.0606060606060606,0.03362828392476304,0.5110770493354828,age,taylor,0.4547685623899466,0.5627866474731096,0.5114651445815763
-1.0606060606060606,0.34256488770440596,0.4970157589704043,age,ipw,0.3291493743188599,0.7691021568325096,0.4416420040248466
-1.0606060606060606,0.0,0.4909353267288802,age,true,,,
-1.0,0.03171073267759632,0.5123644024140337,age,taylor,0.4586871168248334,0.5608391267632938,0.5122281837803697
-1.0,0.2559534854142666,0.49692114108207247,age,ipw,0.3495135034426781,0.7281733236097196,0.45255295527062933
-1.0,0.0,0.4933450819827564,age,true,,,
-0.9393939393939394,0.029904717759921467,0.5136063706073244,age,taylor,0.4624938123320086,0.5579156082906757,0.5140849963411842
-0.9393939393939394,0.19044805435697904,0.4976460957362229,age,ipw,0.3684747808630246,0.6992305099825575,0.4627281062330254
-0.9393939393939394,0.0,0.4952577062390838,age,true,,,
-0.8787878787878789,0.02821023206076296,0.5148029539153548,age,taylor,0.46654317814556945,0.5570939512288332,0.515557999824432
-0.8787878787878789,0.14175599254727703,0.49898585904501813,age,ipw,0.3868990116981251,0.6720624874170543,0.4705366161325909
-0.8787878787878789,0.0,0.4975382866150692,age,true,,,
-0.8181818181818183,0.026627275805440335,0.5159541523381249,age,taylor,0.4699218207717526,0.5555304209411562,0.516189065197485
-0.8181818181818183,0.10617871896700315,0.5007673014555263,age,ipw,0.4006027387988611,0.646772597046991,0.4807368584933274
-0.8181818181818183,0.0,0.5001640261609762,age,true,,,
-0.7575757575757573,0.02515585901642375,0.5170599658756347,age,taylor,0.4730472922251587,0.5556718050987881,0.5172366894396215
-0.7575757575757573,0.08060289057802505,0.5028478836529936,age,ipw,0.41594297605449676,0.6237512042852971,0.4898561077315302
-0.7575757575757573,0.0,0.5028067697050614,age,true,,,
-0.6969696969696968,0.023796004302176516,0.5181203945278842,age,taylor,0.47659730067036205,0.5553453351393007,0.519489941374896
-0.6969696969696968,0.06246078642510332,0.5051128751640678,age,ipw,0.4253769507687394,0.6038970795755498,0.49664412869720387
-0.6969696969696968,0.0,0.5054092779995901,age,true,,,
-0.6363636363636362,0.022547749845252513,0.5191354382948734,age,taylor,0.4798292102578004,0.5549612474088522,0.5204118500958002
-0.6363636363636362,0.04968239611599603,0.5074716401858513,age,ipw,0.43854039677786255,0.5889187771058464,0.5021264402352663
-0.6363636363636362,0.0,0.5072971312434571,age,true,,,
-0.5757575757575757,0.021411152357998772,0.5201050971766022,age,taylor,0.4837638045232475,0.5543776651464878,0.5212721712517874
-0.5757575757575757,0.04065278248924675,0.5098536226456577,age,ipw,0.44694528236236214,0.5792837910473062,0.5067493682888904
-0.5757575757575757,0.0,0.5090049670189964,age,true,,,
-0.5151515151515151,0.020386289649821192,0.5210293711730709,age,taylor,0.486058538670352,0.5534426213205675,0.5222473085115118
-0.5151515151515151,0.03417050375997155,0.5122044794123439,age,ipw,0.45594911810865085,0.5699096568140228,0.5103431640616197
-0.5151515151515151,0.0,0.5112511278077826,age,true,,,
-0.4545454545454546,0.019473262320594764,0.5219082602842792,age,taylor,0.48915554999994815,0.5523946875679017,0.5235929588948882
-0.4545454545454546,0.029392836332223584,0.5144826412277198,age,ipw,0.4659695293493177,0.5608476706357993,0.512188453887463
-0.4545454545454546,0.0,0.5128653147165989,age,true,,,
-0.39393939393939403,0.018672193991937616,0.5227417645102272,age,taylor,0.4911440145282039,0.5523717150584873,0.5246321953337416
-0.39393939393939403,0.025763590183776237,0.5166564399137424,age,ipw,0.4725359949162331,0.5569180549068126,0.5156321749532888
-0.39393939393939403,0.0,0.5148217272850055,age,true,,,
-0.33333333333333304,0.017983229458491852,0.523529883850915,age,taylor,0.4933026272319885,0.5525522354843834,0.5249881560989225
-0.33333333333333304,0.022935642465540876,0.5187018338090985,age,ipw,0.4799541130911735,0.5544139191673662,0.5191660705057224
-0.33333333333333304,0.0,0.5166667271500163,age,true,,,
-0.2727272727272725,0.017406530239846625,0.5242726183063424,age,taylor,0.4955841057981464,0.5529144338989613,0.5249834916680534
-0.2727272727272725,0.02070389665151214,0.5206006907670466,age,ipw,0.4859044336978371,0.5534328897835996,0.5218492291940477
-0.2727272727272725,0.0,0.5181199454461024,age,true,,,
-0.21212121212121193,0.016942267285231422,0.5249699678765096,age,taylor,0.4981439753332767,0.5531498583336266,0.525527763409665
-0.21212121212121193,0.01895616594088652,0.5223395447881244,age,ipw,0.49103931330390416,0.5515961238353505,0.5241948197873003
-0.21212121212121193,0.0,0.5189907873742645,age,true,,,
-0.15151515151515138,0.016590611035335462,0.5256219325614164,age,taylor,0.5003132926684555,0.5532997242577923,0.5257842014908206
-0.15151515151515138,0.01764055374277697,0.5239087218061125,age,ipw,0.494520872070298,0.552993345300526,0.5247033209089564
-0.15151515151515138,0.0,0.5203784005553,age,true,,,
-0.09090909090909083,0.016351719621568925,0.526228512361063,age,taylor,0.49997777765604445,0.5549066350760793,0.5259586816656265
-0.09090909090909083,0.016743703679097003,0.5253017252916498,age,ipw,0.49925398285274586,0.553865227050128,0.5255077813035287
-0.09090909090909083,0.0,0.5217075146673247,age,true,,,
-0.030303030303030276,0.016225726550746045,0.5267897072754493,age,taylor,0.5006291624313675,0.5551530221293982,0.5263416436874764
-0.030303030303030276,0.01627430652694231,0.5265147769993075,age,ipw,0.4998952810823521,0.5550674342362462,0.525945489581402
-0.030303030303030276,0.0,0.5226217841200815,age,true,,,
0.030303030303030276,0.016212729600577194,0.5273055173045752,age,taylor,0.5014024647601495,0.554198339796741,0.5272978866120324
0.030303030303030276,0.01624888243802349,0.5275464176260288,age,ipw,0.5012456436578829,0.5540182549213716,0.5273232115672709
0.030303030303030276,0.0,0.5232269205078907,age,true,,,
0.09090909090909083,0.016312782670978625,0.527775942448441,age,taylor,0.5010865131850019,0.554044245116567,0.5272614698305849
0.09090909090909083,0.016680613577940824,0.5283970832974842,age,ipw,0.500413413076721,0.5552192350448955,0.5272653234887902
0.09090909090909083,0.0,0.5245924773629577,age,true,,,
0.15151515151515138,0.016525891925951115,0.5282009827070463,age,taylor,0.4999860574651738,0.5552092239663199,0.5271849568594074
0.15151515151515138,0.01757430232093452,0.5290685851502799,age,ipw,0.4990757222842347,0.5581690372249322,0.5289466567243237
0.15151515151515138,0.0,0.5251535158433113,age,true,,,
0.21212121212121238,0.016852016797228583,0.5285806380803915,age,taylor,0.5004465488674169,0.5551054263635874,0.5274656183319815
0.21212121212121238,0.018929002924670698,0.5295634306275745,age,ipw,0.49998121226965936,0.5603963655601565,0.5291415172774376
0.21212121212121238,0.0,0.5255175944617579,age,true,,,
0.27272727272727293,0.0172910755156074,0.5289149085684762,age,taylor,0.5000179953916806,0.5567603783004033,0.5282613313351598
0.27272727272727293,0.020746016595890177,0.5298839371883362,age,ipw,0.49652235975079906,0.5641498731628657,0.5309304707733172
0.27272727272727293,0.0,0.526142740818851,age,true,,,
0.3333333333333335,0.01784295405257041,0.5292037941713007,age,taylor,0.49857065445153376,0.559263484550769,0.5289253916137306
0.3333333333333335,0.02303793962654444,0.5300311032294615,age,ipw,0.49210745639571907,0.567634783867455,0.5311433007003019
0.3333333333333335,0.0,0.5268005197584826,age,true,,,
0.39393939393939403,0.018507516900345064,0.529447294888865,age,taylor,0.4999771943223573,0.5610766957789826,0.5291714240841385
0.39393939393939403,0.02583563818571184,0.5300032185752067,age,ipw,0.4876946061450548,0.5700937226130561,0.5307484190054436
0.39393939393939403,0.0,0.5267785460094135,age,true,,,
0.4545454545454546,0.019284618067351655,0.5296454107211689,age,taylor,0.4995986093548561,0.5616960958920236,0.5295728799092361
0.4545454545454546,0.029192187401105393,0.5297942191169202,age,ipw,0.48316121413037877,0.5739303688620941,0.5292644226181905
0.4545454545454546,0.0,0.526723506121116,age,true,,,
0.5151515151515151,0.020174110953789754,0.5297981416682126,age,taylor,0.49679162912574726,0.5635846692366545,0.5304431558250637
0.5151515151515151,0.03318406364604748,0.5293918177267425,age,ipw,0.4764841936612729,0.5824623498632772,0.5292195850929098
0.5151515151515151,0.0,0.5265340060739196,age,true,,,
0.5757575757575757,0.021175856249138217,0.5299054877299959,age,taylor,0.4952850069691276,0.5655879643064513,0.5306760758282514
0.5757575757575757,0.037910147171464244,0.5287754761710444,age,ipw,0.46921371996506395,0.5908961080608081,0.5303102268648916
0.5757575757575757,0.0,0.5261392633364768,age,true,,,
0.6363636363636367,0.022289727498070542,0.5299674489065188,age,taylor,0.49292559896999627,0.5674058228194034,0.5308668582567518
0.6363636363636367,0.043488986657886586,0.5279143190403862,age,ipw,0.45933779964286897,0.5999179824806926,0.529552745503523
0.6363636363636367,0.0,0.5256900408624631,age,true,,,
0.6969696969696972,0.023515614395676978,0.5299840251977815,age,taylor,0.4905141911215917,0.5694460839299263,0.5312427275650049
0.6969696969696972,0.050054646422665626,0.5267651280906394,age,ipw,0.4494391989216832,0.6116733437473916,0.5276648295081813
0.6969696969696972,0.0,0.5251768354204124,age,true,,,
0.7575757575757578,0.024853424142653353,0.5299552166037841,age,taylor,0.4888325224544246,0.5715730276177506,0.5310261009392858
0.7575757575757578,0.05775133030555869,0.5252705900859413,age,ipw,0.44012953479189904,0.6263966908953491,0.5227922061478008
0.7575757575757578,0.0,0.5245197633342314,age,true,,,
0.8181818181818183,0.02630308131662195,0.5298810231245262,age,taylor,0.4860593353683319,0.5740759845486231,0.5304802964031721
0.8181818181818183,0.06672680319342403,0.52335799857976,age,ipw,0.4276986154232747,0.6411694755919279,0.5192160880642163
0.8181818181818183,0.0,0.5232595184577724,age,true,,,
0.8787878787878789,0.02786452672938384,0.5297614447600081,age,taylor,0.48209588685636606,0.5762131920020153,0.5299221594448326
0.8787878787878789,0.07712443529496622,0.5209386249713852,age,ipw,0.4130000626696657,0.6553280339688616,0.5124198668312128
0.8787878787878789,0.0,0.5225983986542075,age,true,,,
0.9393939393939394,0.029537715683987876,0.5295964815102296,age,taylor,0.47914433976809834,0.5771761988632623,0.5301317342077976
0.9393939393939394,0.08907357879026481,0.517907971761038,age,ipw,0.3968667141537173,0.6685419089410206,0.5053235912874737
0.9393939393939394,0.0,0.5225004737304767,age,true,,,
1.0,0.03132261595774473,0.5293861333751909,age,taylor,0.47621780711251976,0.5788758086411968,0.5304096275542024
1.0,0.10267805723251412,0.5141470973005027,age,ipw,0.3779815231008446,0.6867388093715016,0.4994080449295567
1.0,0.0,0.5217433257767905,age,true,,,
1.0606060606060606,0.033219205744519954,0.5291304003548919,age,taylor,0.47286220715086347,0.5807411955773519,0.5293736594799697
1.0606060606060606,0.11800284096972977,0.5095251543217258,age,ipw,0.3570740255448735,0.7103731220179066,0.4906136103544402
1.0606060606060606,0.0,0.5199874909596711,age,true,,,
1.121212121212121,0.03522747170728006,0.5288292824493326,age,taylor,0.4694551167139394,0.5844987491674263,0.5290411560693719
1.121212121212121,0.13505944263408057,0.503903214292922,age,ipw,0.3371971207803289,0.728817024589083,0.4793992329610427
1.121212121212121,0.0,0.5181692708968726,age,true,,,
1.1818181818181817,0.03734740722653028,0.528482779658513,age,taylor,0.46522772807418383,0.5874660091492727,0.5288194284722972
1.1818181818181817,0.15379107975577438,0.49713935910607576,age,ipw,0.3157323510151381,0.7770534714744735,0.4628478740402707
1.1818181818181817,0.0,0.5162866172211785,age,true,,,
1.2424242424242422,0.03957901088282801,0.5280908919824331,age,taylor,0.461521896648127,0.5898633984334637,0.5284223034864669
1.2424242424242422,0.17405908718653085,0.48909491645315906,age,ipw,0.2937844487879349,0.7986059574006177,0.45058434714603207
1.2424242424242422,0.0,0.5141911794948684,age,true,,,
1.3030303030303028,0.041922285179806514,0.5276536194210928,age,taylor,0.4579156862216664,0.5932062283270652,0.5285511467546319
1.3030303030303028,0.19563231601080044,0.4796416037281871,age,ipw,0.2712189486154054,0.8092338917071669,0.43285505398786467
1.3030303030303028,0.0,0.5114615955131367,age,true,,,
1.3636363636363633,0.04437723549477215,0.5271709619744924,age,taylor,0.45422405030492813,0.5975149535338399,0.528262816114524
1.3636363636363633,0.21818126884013844,0.4686692374989867,age,ipw,0.2476975499183093,0.8127908993159578,0.41492185971751183
1.3636363636363633,0.0,0.5097461670803859,age,true,,,
1.4242424242424248,0.046943869233565,0.5266429196426315,age,taylor,0.45044698889791235,0.6013685915814319,0.5277398529223946
1.4242424242424248,0.24127848171455765,0.4560935725650316,age,ipw,0.22243364294424553,0.8092252642819633,0.3955370840230542
1.4242424242424248,0.0,0.5069111468829327,age,true,,,
1.4848484848484853,0.049622195162094894,0.5260694924255105,age,taylor,0.446584502000619,0.6066352570573641,0.5265365726104085
1.4848484848484853,0.264406196936988,0.44186376720208814,age,ipw,0.20045931807391237,0.8600740433495042,0.37504866698815303
1.4848484848484853,0.0,0.5042733538469265,age,true,,,
1.5454545454545459,0.05241222288652927,0.5254506803231291,age,taylor,0.44263658961304814,0.6076456292375968,0.5248976361353853
1.5454545454545459,0.2869717334583471,0.4259689388387937,age,ipw,0.18140916759926903,0.8736592265700851,0.3505426781937093
1.5454545454545459,0.0,0.5025161019042486,age,true,,,
1.6060606060606064,0.05531396245588425,0.5247864833354875,age,taylor,0.43860325173519976,0.610750689576869,0.5227782939019199
1.6060606060606064,0.3083302242044917,0.40844328401444463,age,ipw,0.16027365758127354,0.8608842587493499,0.32217932824803097
1.6060606060606064,0.0,0.5003580629280728,age,true,,,
1.666666666666667,0.058327424063652815,0.5240769014625856,age,taylor,0.43239939361916724,0.6142417397950023,0.5219995733476788
1.666666666666667,0.3278136349056047,0.38936929141350196,age,ipw,0.1401752668107689,0.8491764981554908,0.29472183849447087
1.666666666666667,0.0,0.49854772458542707,age,true,,,
1.7272727272727275,0.06145261782838316,0.5233219347044232,age,taylor,0.42554188515550495,0.618860158562457,0.5208198914459524
1.7272727272727275,0.34476429031717537,0.3688786762494014,age,ipw,0.12132168426535592,0.8706141524542028,0.26819978977517733
1.7272727272727275,0.0,0.4961157170820339,age,true,,,
1.787878787878788,0.06468955363637442,0.5225215830610007,age,taylor,0.4184354349836233,0.6239165638804148,0.5204340414580657
1.787878787878788,0.35857058869341507,0.34715080298211914,age,ipw,0.10387852860966097,0.8857310257849947,0.2409358583271256
1.787878787878788,0.0,0.49345040087270725,age,true,,,
1.8484848484848486,0.0680382410326566,0.5216758465323178,age,taylor,0.41113642524983524,0.629223055339548,0.5198947342450324
1.8484848484848486,0.3687022469393438,0.32440853167781214,age,ipw,0.08796434395383262,0.8762284536802837,0.21315386354053795
1.8484848484848486,0.0,0.4906728964169379,age,true,,,
1.9090909090909092,0.07149868914906031,0.5207847251183747,age,taylor,0.4061996265915869,0.6353717208160388,0.51975476230566
1.9090909090909092,0.374742328198438,0.30091160794264,age,ipw,0.07364859126215571,0.8295108365471383,0.18841945902285273
1.9090909090909092,0.0,0.48725522270247174,age,true,,,
1.9696969696969697,0.07507090666043166,0.5198482188191713,age,taylor,0.40110917168618815,0.6403003679842255,0.5178632560660683
1.9696969696969697,0.3764134752203939,0.27694790138707664,age,ipw,0.06052248123577358,0.7779817155130306,0.16391779511408588
1.9696969696969697,0.0,0.48318559320348126,age,true,,,
2.0303030303030303,0.07875490176192171,0.5188663276347075,age,taylor,0.39587951953250766,0.6450049723455847,0.517417897549749
2.0303030303030303,0.3735961928856805,0.25282296601166687,age,ipw,0.04947613826148939,0.7489516131599069,0.14099938369667925
2.0303030303030303,0.0,0.4802477109460344,age,true,,,
2.090909090909091,0.0825506821618137,0.5178390515649837,age,taylor,0.3891576036776656,0.651271377694452,0.5161709352586746
2.090909090909091,0.3663376514938313,0.22884853143242545,age,ipw,0.03995675707599749,0.7121294994474697,0.1198909527936549
2.090909090909091,0.0,0.47701293497058717,age,true,,,
2.1515151515151514,0.08645825508559075,0.5167663906099993,age,taylor,0.3815022036152523,0.6562615543906797,0.5144385633875039
2.1515151515151514,0.3548502570753062,0.20533062267891225,age,ipw,0.03175972883057887,0.6674302716954773,0.10074669036545078
2.1515151515151514,0.0,0.47207630044416815,age,true,,,
2.212121212121212,0.09047762728793599,0.5156483447697546,age,taylor,0.37364425020203995,0.6621658156387994,0.5129510388213481
2.212121212121212,0.3395000798101909,0.18255803879901453,age,ipw,0.02448868778868129,0.6177467131820604,0.0837222416067635
2.212121212121212,0.0,0.4689690581101456,age,true,,,
2.2727272727272725,0.09460880507014088,0.5144849140442497,age,taylor,0.3655837434380286,0.668196357823109,0.510997733976119
2.2727272727272725,0.32078606409750204,0.16079189259272839,age,ipw,0.018636725127995978,0.5644650376935549,0.06860846598338688
2.2727272727272725,0.0,0.46619918130995874,age,true,,,
2.333333333333334,0.09885179430101305,0.5132760984334845,age,taylor,0.3573206833232181,0.6743531809436086,0.5095876220505569
2.333333333333334,0.2993116835493866,0.14025682756975166,age,ipw,0.014041871535735,0.5090622005984962,0.05557973906657329
2.333333333333334,0.0,0.4629051381914373,age,true,,,
2.3939393939393945,0.10320660043985447,0.5120218979374591,age,taylor,0.3488550698576087,0.6806362850002982,0.5074918505595707
2.3939393939393945,0.2757512809874463,0.12113439191786025,age,ipw,0.010546036418120824,0.4522523759391746,0.04446329055346404
2.3939393939393945,0.0,0.4593530293157954,age,true,,,
2.454545454545455,0.10767322856045457,0.5107223125561733,age,taylor,0.3401869030412002,0.6870456699931775,0.5065488720337943
2.454545454545455,0.25081369436635553,0.1035588764054838,age,ipw,0.007824040348812287,0.3845237848675368,0.035121094107625886
2.454545454545455,0.0,0.4555813832861605,age,true,,,
2.5151515151515156,0.11225168337532727,0.5093773422896272,age,taylor,0.33131618287399267,0.6935813359222468,0.50592692098762
2.5151515151515156,0.22520588405237466,0.08761573097894783,age,ipw,0.005734601339822151,0.3223857798795861,0.027395596499142576
2.5151515151515156,0.0,0.45090482504530655,age,true,,,
2.575757575757576,0.11694196925964358,0.5079869871378208,age,taylor,0.32224290935598615,0.700243282787506,0.5053044188414313
2.575757575757576,0.19959914064376882,0.07334248227550137,age,ipw,0.00415611336476675,0.26650806834621016,0.021362765220999117
2.575757575757576,0.0,0.4472730676134729,age,true,,,
2.6363636363636367,0.1217440902744756,0.5065512471007542,age,taylor,0.31296708248718064,0.7070315105889552,0.5046813655952278
2.6363636363636367,0.17460008780243827,0.06073189966738833,age,ipw,0.00297543243186666,0.2172211117657135,0.016301799896810295
2.6363636363636367,0.0,0.4435095214417982,age,true,,,
2.6969696969696972,0.12665805018909645,0.5050701221784272,age,taylor,0.303488702267576,0.7139460193265943,0.5039306316849632
2.6969696969696972,0.15072814787004693,0.049737016314252945,age,ipw,0.002104210560398395,0.17455390665567833,0.01226262065580799
2.6969696969696972,0.0,0.43880352357284574,age,true,,,
2.757575757575758,0.1316838525021737,0.5035436123708399,age,taylor,0.29380776869717246,0.7209868090004233,0.501750294798423
2.757575757575758,0.12840047453174416,0.04027751506120767,age,ipw,0.0014699532427690576,0.14217810993403235,0.009022366228528643
2.757575757575758,0.0,0.43484878499687774,age,true,,,
2.8181818181818183,0.13682150046176472,0.5019717176779924,age,taylor,0.2843538878845876,0.7281538796104422,0.5008094921981016
2.8181818181818183,0.10792465209785142,0.03224694234900964,age,ipw,0.0010143606446455227,0.1144866990672913,0.006542697885439689
2.8181818181818183,0.0,0.43150756231538645,age,true,,,
2.878787878787879,0.14207099708407375,0.5003544380998846,age,taylor,0.27442670173778483,0.7354472311566512,0.49957207516265995
2.878787878787879,0.0894987914477178,0.02552021625762711,age,ipw,0.000691441070945902,0.09088250202177539,0.004691244975041126
2.878787878787879,0.0,0.42804523662042443,age,true,,,
2.9393939393939394,0.1474323451709674,0.49869177363651646,age,taylor,0.2633744060967624,0.7428286477207685,0.4985783275278075
2.9393939393939394,0.07321808557927074,0.019960941761346964,age,ipw,0.00046557627953344873,0.07111902133378398,0.00331695452785753
2.9393939393939394,0.0,0.4234085454142089,age,true,,,
3.0,0.15290554732627207,0.496983724287888,age,taylor,0.25270590892029576,0.7503248319448655,0.49753856039285504
3.0,0.05908647294495862,0.015428127516179562,age,ipw,0.00030966891405498223,0.05485950165926084,0.00236423046841076
3.0,0.0,0.41963877363112134,age,true,,,
